{"v":"5.4.3","fr":30,"ip":0,"op":23,"w":60,"h":60,"nm":"菊花 2","ddd":0,"assets":[{"id":"image_0","w":60,"h":60,"u":"images/","p":"img_0.png","e":0}],"layers":[{"ddd":0,"ind":1,"ty":2,"nm":"菊花.png","cl":"png","refId":"image_0","sr":1,"ks":{"o":{"a":0,"k":100,"ix":11},"r":{"a":1,"k":[{"t":0,"s":[0],"h":1},{"t":2,"s":[30],"h":1},{"t":4,"s":[60],"h":1},{"t":6,"s":[90],"h":1},{"t":8,"s":[120],"h":1},{"t":10,"s":[150],"h":1},{"t":12,"s":[180],"h":1},{"t":14,"s":[210],"h":1},{"t":16,"s":[240],"h":1},{"t":18,"s":[270],"h":1},{"t":20,"s":[300],"h":1},{"t":22,"s":[330],"h":1},{"t":24,"s":[360],"h":1}],"ix":10},"p":{"a":0,"k":[30,30,0],"ix":2},"a":{"a":0,"k":[30,30,0],"ix":1},"s":{"a":0,"k":[100,100,100],"ix":6}},"ao":0,"ip":0,"op":150,"st":0,"bm":0}],"markers":[]}